<?xml version="1.0" encoding="UTF-8"?>
<!--
    *** GENERATED FROM project.xml - DO NOT EDIT ***
    ***           EDIT ../build.xml INSTEAD      ***
-->
<project name="Synchronous-impl" default="default" basedir="..">
    <target name="default" depends="dist_se"/>
    <!-- 
        INITIALIZATION SECTION 
    -->
    <target name="pre-init">
        <!-- Empty placeholder for easier customization. -->
        <!-- You can override this target in the ../build.xml file. -->
    </target>
    <target name="init-private" depends="pre-init">
        <property file="nbproject/private/private.properties"/>
    </target>
    <target name="init-userdir" depends="pre-init,init-private">
        <property name="user.properties.file" location="${netbeans.user}/build.properties"/>
    </target>
    <target name="init-user" depends="pre-init,init-private,init-userdir">
        <property file="${user.properties.file}"/>
    </target>
    <target name="init-project" depends="pre-init,init-private,init-userdir,init-user">
        <property file="nbproject/project.properties"/>
    </target>
    <target name="do-init" depends="pre-init,init-private,init-userdir,init-user,init-project">
        <available file="${src.dir}/../retrieved" property="retrieved.exists"/>
    </target>
    <target name="post-init">
        <!-- Empty placeholder for easier customization. -->
        <!-- You can override this target in the ../build.xml file. -->
    </target>
    <target name="init-check" depends="pre-init,init-private,init-userdir,init-user,init-project,do-init">
        <fail unless="src.dir">Must set src.dir</fail>
        <fail unless="build.dir">Must set build.dir</fail>
        <fail unless="dist.dir">Must set dist.dir</fail>
        <fail unless="dist.jar">Must set dist.jar</fail>
    </target>
    <target name="init-taskdefs" if="from.commandline">
        <taskdef name="validate-project" classname="org.netbeans.modules.bpel.project.anttasks.cli.CliValidateBpelProjectTask">
            <classpath refid="ant.project.classpath"/>
        </taskdef>
        <taskdef name="generate-catalog-xml" classname="org.netbeans.modules.bpel.project.anttasks.cli.CliGenerateCatalogTask">
            <classpath refid="ant.project.classpath"/>
        </taskdef>
        <taskdef name="generate-jbi-xml" classname="org.netbeans.modules.bpel.project.anttasks.cli.CliGenerateJbiDescriptorTask">
            <classpath refid="ant.project.classpath"/>
        </taskdef>
    </target>
    <target name="init" depends="pre-init,init-private,init-userdir,init-user,init-project,do-init,post-init,init-check,init-taskdefs"/>
    <!--
        DIST BUILDING SECTION
    -->
    <target name="pre-dist">
        <!-- Empty placeholder for easier customization. -->
        <!-- You can override this target in the ../build.xml file. -->
    </target>
    <target name="deps-jar-dist" depends="init" unless="${no.dependencies}"/>
    <target name="do-dist" depends="init,pre-dist">
        <mkdir dir="${build.dir}"/>
        <validate-project buildDirectory="${basedir}/${build.dir}" sourceDirectory="${basedir}/${src.dir}" allowBuildWithError="${allow.build.with.error}" validation="${validation}"/>
        <copy todir="${build.dir}" preservelastmodified="true">
            <fileset includes="**/*.bpel,**/*.wsdl,**/*.xsd, **/*.xsl, **/*.xslt, **/*.jar" dir="${src.dir}"/>
        </copy>
        <generate-catalog-xml buildDirectory="${basedir}/${build.dir}" sourceDirectory="${basedir}/${src.dir}"/>
        <generate-jbi-xml buildDirectory="${basedir}/${build.dir}" sourceDirectory="${basedir}/${src.dir}"/>
        <jar compress="${jar.compress}" jarfile="${build.dir}/SEDeployment.jar">
            <fileset includes="**/*.bpel,**/*.wsdl,**/*.xsd, **/*.xsl, **/*.xslt, **/*.jar" excludes="SEDeployment.jar" dir="${basedir}/${build.dir}"/>
            <fileset dir="${basedir}/${build.dir}">
                <include name="**/jbi.xml"/>
                <include name="**/catalog.xml"/>
            </fileset>
        </jar>
    </target>
    <target name="post-dist">
        <!-- Empty placeholder for easier customization. -->
        <!-- You can override this target in the ../build.xml file. -->
    </target>
    <target name="dist_se" depends="init,pre-dist,deps-jar-dist,do-dist,post-dist"/>
    <!--
        CLEANUP SECTION
    -->
    <target name="pre-clean">
        <!-- Empty placeholder for easier customization. -->
        <!-- You can override this target in the ../build.xml file. -->
    </target>
    <target name="deps-clean" depends="init" unless="${no.dependencies}"/>
    <target name="do-clean" depends="init,pre-clean">
        <delete dir="${build.dir}"/>
        <delete dir="${dist.dir}"/>
    </target>
    <target name="post-clean">
        <!-- Empty placeholder for easier customization. -->
        <!-- You can override this target in the ../build.xml file. -->
    </target>
    <target name="clean" depends="init,pre-clean,deps-clean,do-clean,post-clean"/>
</project>
