<?xml version="1.0" encoding="UTF-8"?>
<project-private xmlns="http://www.netbeans.org/ns/project-private/1">
    <editor-bookmarks xmlns="http://www.netbeans.org/ns/editor-bookmarks/2" lastBookmarkId="0"/>
    <open-files xmlns="http://www.netbeans.org/ns/projectui-open-files/1">
        <file>file:/C:/Users/ANYTA/Desktop/plantillas-sw04/OrdenCompra/Synchronous/SynchronousApplication/test/SendUserName/Input.xml</file>
        <file>file:/C:/Users/ANYTA/Desktop/plantillas-sw04/OrdenCompra/Synchronous/SynchronousApplication/test/SendPrefixName/Input.xml</file>
        <file>file:/C:/Users/ANYTA/Desktop/plantillas-sw04/OrdenCompra/Synchronous/SynchronousApplication/test/SendUserName/Output.xml</file>
        <file>file:/C:/Users/ANYTA/Desktop/plantillas-sw04/OrdenCompra/Synchronous/SynchronousApplication/test/results/SendUserName/Actual_20150727163711_F.xml</file>
        <file>file:/C:/Users/ANYTA/Desktop/plantillas-sw04/OrdenCompra/Synchronous/SynchronousApplication/test/results/SendUserName/Actual_20150727163922_F.xml</file>
        <file>file:/C:/Users/ANYTA/Desktop/plantillas-sw04/OrdenCompra/Synchronous/SynchronousApplication/nbproject/build-impl.xml</file>
    </open-files>
</project-private>
