<?xml version="1.0" encoding="UTF-8"?>
<project-private xmlns="http://www.netbeans.org/ns/project-private/1">
    <editor-bookmarks xmlns="http://www.netbeans.org/ns/editor-bookmarks/2" lastBookmarkId="0"/>
    <open-files xmlns="http://www.netbeans.org/ns/projectui-open-files/1">
        <file>file:/C:/Users/ANYTA/Desktop/plantillas-sw04/OrdenCompra/Synchronous/Synchronous/src/Synchronous.wsdl</file>
        <file>file:/C:/Users/ANYTA/Desktop/plantillas-sw04/OrdenCompra/Synchronous/Synchronous/src/Synchronous.bpel</file>
        <file>file:/C:/Users/ANYTA/Desktop/plantillas-sw04/OrdenCompra/Synchronous/Synchronous/src/Synchronous.xsd</file>
    </open-files>
</project-private>
