<?xml version="1.0" encoding="UTF-8" standalone="no"?>
<component-info-list>
    <component-info>
        <description>HTTP Soap Binding to send SOAP messages e.g. to and from BPEL service engine.</description>
        <name>sun-http-binding</name>
        <state>Installed</state>
        <type>binding</type>
        <xmlns>http://schemas.xmlsoap.org/wsdl/http/</xmlns>
        <xmlns>http://schemas.xmlsoap.org/wsdl/soap/</xmlns>
        <xmlns>http://schemas.xmlsoap.org/wsdl/soap12/</xmlns>
    </component-info>
    <component-info>
        <description>File Binding</description>
        <name>sun-file-binding</name>
        <state>Installed</state>
        <type>binding</type>
        <xmlns>http://schemas.sun.com/jbi/wsdl-extensions/file/</xmlns>
    </component-info>
    <component-info>
        <description>HL7 Binding</description>
        <name>sun-hl7-binding</name>
        <state>Installed</state>
        <type>binding</type>
        <xmlns>http://schemas.sun.com/jbi/wsdl-extensions/hl7/</xmlns>
    </component-info>
    <component-info>
        <description>Scheduler Binding</description>
        <name>sun-scheduler-binding</name>
        <state>Installed</state>
        <type>binding</type>
        <xmlns>http://schemas.sun.com/jbi/wsdl-extensions/scheduler/</xmlns>
    </component-info>
    <component-info>
        <description>JMS Binding</description>
        <name>sun-jms-binding</name>
        <state>Installed</state>
        <type>binding</type>
        <xmlns>http://schemas.sun.com/jbi/wsdl-extensions/jms/</xmlns>
    </component-info>
    <component-info>
        <description>SNMP Binding</description>
        <name>sun-snmp-binding</name>
        <state>Installed</state>
        <type>binding</type>
        <xmlns>http://schemas.sun.com/jbi/wsdl-extensions/snmp/</xmlns>
    </component-info>
    <component-info>
        <description>Email Binding</description>
        <name>sun-email-binding</name>
        <state>Installed</state>
        <type>binding</type>
        <xmlns>http://schemas.sun.com/jbi/wsdl-extensions/email/</xmlns>
    </component-info>
    <component-info>
        <description>Database binding</description>
        <name>sun-database-binding</name>
        <state>Installed</state>
        <type>binding</type>
        <xmlns>http://schemas.sun.com/jbi/wsdl-extensions/jdbc/</xmlns>
    </component-info>
    <component-info>
        <description>SMTP Binding</description>
        <name>sun-smtp-binding</name>
        <state>Installed</state>
        <type>binding</type>
        <xmlns>http://schemas.sun.com/jbi/wsdl-extensions/smtp/</xmlns>
    </component-info>
    <component-info>
        <description>IMS Binding</description>
        <name>sun-ims-binding</name>
        <state>Installed</state>
        <type>binding</type>
        <xmlns>http://schemas.sun.com/jbi/wsdl-extensions/ims/</xmlns>
    </component-info>
    <component-info>
        <description>FTP Binding</description>
        <name>sun-ftp-binding</name>
        <state>Installed</state>
        <type>binding</type>
        <xmlns>http://schemas.sun.com/jbi/wsdl-extensions/ftp/</xmlns>
    </component-info>
    <component-info>
        <description>MQ Binding</description>
        <name>sun-webspheremq-binding</name>
        <state>Installed</state>
        <type>binding</type>
        <xmlns>http://schemas.sun.com/jbi/wsdl-extensions/mq/</xmlns>
    </component-info>
    <component-info>
        <description>CICS Binding</description>
        <name>jbi4cics</name>
        <state>Installed</state>
        <type>binding</type>
        <xmlns>uri://schemas.imola.it/jbi/wsdl-extensions/cics/</xmlns>
    </component-info>
    <component-info>
        <description>EJB Binding</description>
        <name>jbi4ejb</name>
        <state>Installed</state>
        <type>binding</type>
        <xmlns>uri://schemas.imola.it/jbi/wsdl-extensions/ejb/</xmlns>
    </component-info>
    <component-info>
        <description>LDAP binding</description>
        <name>sun-ldap-binding</name>
        <state>Installed</state>
        <type>binding</type>
        <xmlns>http://schemas.sun.com/jbi/wsdl-extensions/ldap/</xmlns>
    </component-info>
    <component-info>
        <description>CORBA Binding</description>
        <name>jbi4corba</name>
        <state>Installed</state>
        <type>binding</type>
        <xmlns>uri://schemas.imola.it/jbi/wsdl-extensions/corba/</xmlns>
    </component-info>
    <component-info>
        <description>REST Binding</description>
        <name>sun-rest-binding</name>
        <state>Installed</state>
        <type>binding</type>
        <xmlns>http://schemas.sun.com/jbi/wsdl-extensions/rest/</xmlns>
    </component-info>
</component-info-list>
