<?xml version="1.0" encoding="UTF-8" standalone="no"?>
<jbi xmlns="http://java.sun.com/xml/ns/jbi" xmlns:ns0="http://enterprise.netbeans.org/bpel/Synchronous/Synchronous" xmlns:ns1="http://localhost/Synchronous/Synchronous" xmlns:ns2="http://www.sun.com/jbi/descriptor/service-unit" version="1.0">
    <services binding-component="false">
        <provides endpoint-name="partnerlinktyperole1_myRole" interface-name="ns1:portType1" service-name="ns0:Synchronous">
            <ns2:display-name>Synchronous</ns2:display-name>
            <ns2:process-name>Synchronous</ns2:process-name>
            <ns2:file-path>Synchronous.bpel</ns2:file-path>
        </provides>
    </services>
</jbi>
