<?xml version="1.0" encoding="UTF-8" ?> 
<soapenv:Envelope xmlns:soapenv="http://schemas.xmlsoap.org/soap/envelope/" xmlns="http://manufacturing.org/xsd/purchase" xmlns:xsi="http://www.w3.org/2001/XMLSchema-instance" xsi:schemaLocation="http://schemas.xmlsoap.org/soap/envelope/ http://schemas.xmlsoap.org/soap/envelope/">
<soapenv:Body>
<sendPurchaseOrder>
    <purchaseOrder>
        <purchaseOrder xmlns="http://manufacturing.org/xsd/purchase">
            <orderId>012341</orderId> 
            <customerId>9876</customerId> 
            <orderDescription>OrderVal_Any_Description</orderDescription> 
        <price /> 
        </purchaseOrder>
    </purchaseOrder>
</sendPurchaseOrder>
</soapenv:Body>
</soapenv:Envelope>